[
    {
        "_id": 1,
        "name": "Afghanistan",
        "iso2": "AF"
    },
    {
        "_id": 2,
        "name": "Aland Islands",
        "iso2": "AX"
    },
    {
        "_id": 3,
        "name": "Albania",
        "iso2": "AL"
    },
    {
        "_id": 4,
        "name": "Algeria",
        "iso2": "DZ"
    },
    {
        "_id": 5,
        "name": "American Samoa",
        "iso2": "AS"
    },
    {
        "_id": 6,
        "name": "Andorra",
        "iso2": "AD"
    },
    {
        "_id": 7,
        "name": "Angola",
        "iso2": "AO"
    },
    {
        "_id": 8,
        "name": "Anguilla",
        "iso2": "AI"
    },
    {
        "_id": 9,
        "name": "Antarctica",
        "iso2": "AQ"
    },
    {
        "_id": 10,
        "name": "Antigua And Barbuda",
        "iso2": "AG"
    },
    {
        "_id": 11,
        "name": "Argentina",
        "iso2": "AR"
    },
    {
        "_id": 12,
        "name": "Armenia",
        "iso2": "AM"
    },
    {
        "_id": 13,
        "name": "Aruba",
        "iso2": "AW"
    },
    {
        "_id": 14,
        "name": "Australia",
        "iso2": "AU"
    },
    {
        "_id": 15,
        "name": "Austria",
        "iso2": "AT"
    },
    {
        "_id": 16,
        "name": "Azerbaijan",
        "iso2": "AZ"
    },
    {
        "_id": 17,
        "name": "The Bahamas",
        "iso2": "BS"
    },
    {
        "_id": 18,
        "name": "Bahrain",
        "iso2": "BH"
    },
    {
        "_id": 19,
        "name": "Bangladesh",
        "iso2": "BD"
    },
    {
        "_id": 20,
        "name": "Barbados",
        "iso2": "BB"
    },
    {
        "_id": 21,
        "name": "Belarus",
        "iso2": "BY"
    },
    {
        "_id": 22,
        "name": "Belgium",
        "iso2": "BE"
    },
    {
        "_id": 23,
        "name": "Belize",
        "iso2": "BZ"
    },
    {
        "_id": 24,
        "name": "Benin",
        "iso2": "BJ"
    },
    {
        "_id": 25,
        "name": "Bermuda",
        "iso2": "BM"
    },
    {
        "_id": 26,
        "name": "Bhutan",
        "iso2": "BT"
    },
    {
        "_id": 27,
        "name": "Bolivia",
        "iso2": "BO"
    },
    {
        "_id": 28,
        "name": "Bosnia and Herzegovina",
        "iso2": "BA"
    },
    {
        "_id": 29,
        "name": "Botswana",
        "iso2": "BW"
    },
    {
        "_id": 30,
        "name": "Bouvet Island",
        "iso2": "BV"
    },
    {
        "_id": 31,
        "name": "Brazil",
        "iso2": "BR"
    },
    {
        "_id": 32,
        "name": "British Indian Ocean Territory",
        "iso2": "IO"
    },
    {
        "_id": 33,
        "name": "Brunei",
        "iso2": "BN"
    },
    {
        "_id": 34,
        "name": "Bulgaria",
        "iso2": "BG"
    },
    {
        "_id": 35,
        "name": "Burkina Faso",
        "iso2": "BF"
    },
    {
        "_id": 36,
        "name": "Burundi",
        "iso2": "BI"
    },
    {
        "_id": 37,
        "name": "Cambodia",
        "iso2": "KH"
    },
    {
        "_id": 38,
        "name": "Cameroon",
        "iso2": "CM"
    },
    {
        "_id": 39,
        "name": "Canada",
        "iso2": "CA"
    },
    {
        "_id": 40,
        "name": "Cape Verde",
        "iso2": "CV"
    },
    {
        "_id": 41,
        "name": "Cayman Islands",
        "iso2": "KY"
    },
    {
        "_id": 42,
        "name": "Central African Republic",
        "iso2": "CF"
    },
    {
        "_id": 43,
        "name": "Chad",
        "iso2": "TD"
    },
    {
        "_id": 44,
        "name": "Chile",
        "iso2": "CL"
    },
    {
        "_id": 45,
        "name": "China",
        "iso2": "CN"
    },
    {
        "_id": 46,
        "name": "Christmas Island",
        "iso2": "CX"
    },
    {
        "_id": 47,
        "name": "Cocos (Keeling) Islands",
        "iso2": "CC"
    },
    {
        "_id": 48,
        "name": "Colombia",
        "iso2": "CO"
    },
    {
        "_id": 49,
        "name": "Comoros",
        "iso2": "KM"
    },
    {
        "_id": 50,
        "name": "Congo",
        "iso2": "CG"
    },
    {
        "_id": 51,
        "name": "Democratic Republic of the Congo",
        "iso2": "CD"
    },
    {
        "_id": 52,
        "name": "Cook Islands",
        "iso2": "CK"
    },
    {
        "_id": 53,
        "name": "Costa Rica",
        "iso2": "CR"
    },
    {
        "_id": 54,
        "name": "Cote D'Ivoire (Ivory Coast)",
        "iso2": "CI"
    },
    {
        "_id": 55,
        "name": "Croatia",
        "iso2": "HR"
    },
    {
        "_id": 56,
        "name": "Cuba",
        "iso2": "CU"
    },
    {
        "_id": 57,
        "name": "Cyprus",
        "iso2": "CY"
    },
    {
        "_id": 58,
        "name": "Czech Republic",
        "iso2": "CZ"
    },
    {
        "_id": 59,
        "name": "Denmark",
        "iso2": "DK"
    },
    {
        "_id": 60,
        "name": "Djibouti",
        "iso2": "DJ"
    },
    {
        "_id": 61,
        "name": "Dominica",
        "iso2": "DM"
    },
    {
        "_id": 62,
        "name": "Dominican Republic",
        "iso2": "DO"
    },
    {
        "_id": 63,
        "name": "East Timor",
        "iso2": "TL"
    },
    {
        "_id": 64,
        "name": "Ecuador",
        "iso2": "EC"
    },
    {
        "_id": 65,
        "name": "Egypt",
        "iso2": "EG"
    },
    {
        "_id": 66,
        "name": "El Salvador",
        "iso2": "SV"
    },
    {
        "_id": 67,
        "name": "Equatorial Guinea",
        "iso2": "GQ"
    },
    {
        "_id": 68,
        "name": "Eritrea",
        "iso2": "ER"
    },
    {
        "_id": 69,
        "name": "Estonia",
        "iso2": "EE"
    },
    {
        "_id": 70,
        "name": "Ethiopia",
        "iso2": "ET"
    },
    {
        "_id": 71,
        "name": "Falkland Islands",
        "iso2": "FK"
    },
    {
        "_id": 72,
        "name": "Faroe Islands",
        "iso2": "FO"
    },
    {
        "_id": 73,
        "name": "Fiji Islands",
        "iso2": "FJ"
    },
    {
        "_id": 74,
        "name": "Finland",
        "iso2": "FI"
    },
    {
        "_id": 75,
        "name": "France",
        "iso2": "FR"
    },
    {
        "_id": 76,
        "name": "French Guiana",
        "iso2": "GF"
    },
    {
        "_id": 77,
        "name": "French Polynesia",
        "iso2": "PF"
    },
    {
        "_id": 78,
        "name": "French Southern Territories",
        "iso2": "TF"
    },
    {
        "_id": 79,
        "name": "Gabon",
        "iso2": "GA"
    },
    {
        "_id": 80,
        "name": "Gambia The",
        "iso2": "GM"
    },
    {
        "_id": 81,
        "name": "Georgia",
        "iso2": "GE"
    },
    {
        "_id": 82,
        "name": "Germany",
        "iso2": "DE"
    },
    {
        "_id": 83,
        "name": "Ghana",
        "iso2": "GH"
    },
    {
        "_id": 84,
        "name": "Gibraltar",
        "iso2": "GI"
    },
    {
        "_id": 85,
        "name": "Greece",
        "iso2": "GR"
    },
    {
        "_id": 86,
        "name": "Greenland",
        "iso2": "GL"
    },
    {
        "_id": 87,
        "name": "Grenada",
        "iso2": "GD"
    },
    {
        "_id": 88,
        "name": "Guadeloupe",
        "iso2": "GP"
    },
    {
        "_id": 89,
        "name": "Guam",
        "iso2": "GU"
    },
    {
        "_id": 90,
        "name": "Guatemala",
        "iso2": "GT"
    },
    {
        "_id": 91,
        "name": "Guernsey and Alderney",
        "iso2": "GG"
    },
    {
        "_id": 92,
        "name": "Guinea",
        "iso2": "GN"
    },
    {
        "_id": 93,
        "name": "Guinea-Bissau",
        "iso2": "GW"
    },
    {
        "_id": 94,
        "name": "Guyana",
        "iso2": "GY"
    },
    {
        "_id": 95,
        "name": "Haiti",
        "iso2": "HT"
    },
    {
        "_id": 96,
        "name": "Heard Island and McDonald Islands",
        "iso2": "HM"
    },
    {
        "_id": 97,
        "name": "Honduras",
        "iso2": "HN"
    },
    {
        "_id": 98,
        "name": "Hong Kong S.A.R.",
        "iso2": "HK"
    },
    {
        "_id": 99,
        "name": "Hungary",
        "iso2": "HU"
    },
    {
        "_id": 100,
        "name": "Iceland",
        "iso2": "IS"
    },
    {
        "_id": 101,
        "name": "India",
        "iso2": "IN"
    },
    {
        "_id": 102,
        "name": "Indonesia",
        "iso2": "ID"
    },
    {
        "_id": 103,
        "name": "Iran",
        "iso2": "IR"
    },
    {
        "_id": 104,
        "name": "Iraq",
        "iso2": "IQ"
    },
    {
        "_id": 105,
        "name": "Ireland",
        "iso2": "IE"
    },
    {
        "_id": 106,
        "name": "Israel",
        "iso2": "IL"
    },
    {
        "_id": 107,
        "name": "Italy",
        "iso2": "IT"
    },
    {
        "_id": 108,
        "name": "Jamaica",
        "iso2": "JM"
    },
    {
        "_id": 109,
        "name": "Japan",
        "iso2": "JP"
    },
    {
        "_id": 110,
        "name": "Jersey",
        "iso2": "JE"
    },
    {
        "_id": 111,
        "name": "Jordan",
        "iso2": "JO"
    },
    {
        "_id": 112,
        "name": "Kazakhstan",
        "iso2": "KZ"
    },
    {
        "_id": 113,
        "name": "Kenya",
        "iso2": "KE"
    },
    {
        "_id": 114,
        "name": "Kiribati",
        "iso2": "KI"
    },
    {
        "_id": 115,
        "name": "North Korea",
        "iso2": "KP"
    },
    {
        "_id": 116,
        "name": "South Korea",
        "iso2": "KR"
    },
    {
        "_id": 117,
        "name": "Kuwait",
        "iso2": "KW"
    },
    {
        "_id": 118,
        "name": "Kyrgyzstan",
        "iso2": "KG"
    },
    {
        "_id": 119,
        "name": "Laos",
        "iso2": "LA"
    },
    {
        "_id": 120,
        "name": "Latvia",
        "iso2": "LV"
    },
    {
        "_id": 121,
        "name": "Lebanon",
        "iso2": "LB"
    },
    {
        "_id": 122,
        "name": "Lesotho",
        "iso2": "LS"
    },
    {
        "_id": 123,
        "name": "Liberia",
        "iso2": "LR"
    },
    {
        "_id": 124,
        "name": "Libya",
        "iso2": "LY"
    },
    {
        "_id": 125,
        "name": "Liechtenstein",
        "iso2": "LI"
    },
    {
        "_id": 126,
        "name": "Lithuania",
        "iso2": "LT"
    },
    {
        "_id": 127,
        "name": "Luxembourg",
        "iso2": "LU"
    },
    {
        "_id": 128,
        "name": "Macau S.A.R.",
        "iso2": "MO"
    },
    {
        "_id": 129,
        "name": "North Macedonia",
        "iso2": "MK"
    },
    {
        "_id": 130,
        "name": "Madagascar",
        "iso2": "MG"
    },
    {
        "_id": 131,
        "name": "Malawi",
        "iso2": "MW"
    },
    {
        "_id": 132,
        "name": "Malaysia",
        "iso2": "MY"
    },
    {
        "_id": 133,
        "name": "Maldives",
        "iso2": "MV"
    },
    {
        "_id": 134,
        "name": "Mali",
        "iso2": "ML"
    },
    {
        "_id": 135,
        "name": "Malta",
        "iso2": "MT"
    },
    {
        "_id": 136,
        "name": "Man (Isle of)",
        "iso2": "IM"
    },
    {
        "_id": 137,
        "name": "Marshall Islands",
        "iso2": "MH"
    },
    {
        "_id": 138,
        "name": "Martinique",
        "iso2": "MQ"
    },
    {
        "_id": 139,
        "name": "Mauritania",
        "iso2": "MR"
    },
    {
        "_id": 140,
        "name": "Mauritius",
        "iso2": "MU"
    },
    {
        "_id": 141,
        "name": "Mayotte",
        "iso2": "YT"
    },
    {
        "_id": 142,
        "name": "Mexico",
        "iso2": "MX"
    },
    {
        "_id": 143,
        "name": "Micronesia",
        "iso2": "FM"
    },
    {
        "_id": 144,
        "name": "Moldova",
        "iso2": "MD"
    },
    {
        "_id": 145,
        "name": "Monaco",
        "iso2": "MC"
    },
    {
        "_id": 146,
        "name": "Mongolia",
        "iso2": "MN"
    },
    {
        "_id": 147,
        "name": "Montenegro",
        "iso2": "ME"
    },
    {
        "_id": 148,
        "name": "Montserrat",
        "iso2": "MS"
    },
    {
        "_id": 149,
        "name": "Morocco",
        "iso2": "MA"
    },
    {
        "_id": 150,
        "name": "Mozambique",
        "iso2": "MZ"
    },
    {
        "_id": 151,
        "name": "Myanmar",
        "iso2": "MM"
    },
    {
        "_id": 152,
        "name": "Namibia",
        "iso2": "NA"
    },
    {
        "_id": 153,
        "name": "Nauru",
        "iso2": "NR"
    },
    {
        "_id": 154,
        "name": "Nepal",
        "iso2": "NP"
    },
    {
        "_id": 155,
        "name": "Bonaire, Sint Eustatius and Saba",
        "iso2": "BQ"
    },
    {
        "_id": 156,
        "name": "Netherlands",
        "iso2": "NL"
    },
    {
        "_id": 157,
        "name": "New Caledonia",
        "iso2": "NC"
    },
    {
        "_id": 158,
        "name": "New Zealand",
        "iso2": "NZ"
    },
    {
        "_id": 159,
        "name": "Nicaragua",
        "iso2": "NI"
    },
    {
        "_id": 160,
        "name": "Niger",
        "iso2": "NE"
    },
    {
        "_id": 161,
        "name": "Nigeria",
        "iso2": "NG"
    },
    {
        "_id": 162,
        "name": "Niue",
        "iso2": "NU"
    },
    {
        "_id": 163,
        "name": "Norfolk Island",
        "iso2": "NF"
    },
    {
        "_id": 164,
        "name": "Northern Mariana Islands",
        "iso2": "MP"
    },
    {
        "_id": 165,
        "name": "Norway",
        "iso2": "NO"
    },
    {
        "_id": 166,
        "name": "Oman",
        "iso2": "OM"
    },
    {
        "_id": 167,
        "name": "Pakistan",
        "iso2": "PK"
    },
    {
        "_id": 168,
        "name": "Palau",
        "iso2": "PW"
    },
    {
        "_id": 169,
        "name": "Palestinian Territory Occupied",
        "iso2": "PS"
    },
    {
        "_id": 170,
        "name": "Panama",
        "iso2": "PA"
    },
    {
        "_id": 171,
        "name": "Papua new Guinea",
        "iso2": "PG"
    },
    {
        "_id": 172,
        "name": "Paraguay",
        "iso2": "PY"
    },
    {
        "_id": 173,
        "name": "Peru",
        "iso2": "PE"
    },
    {
        "_id": 174,
        "name": "Philippines",
        "iso2": "PH"
    },
    {
        "_id": 175,
        "name": "Pitcairn Island",
        "iso2": "PN"
    },
    {
        "_id": 176,
        "name": "Poland",
        "iso2": "PL"
    },
    {
        "_id": 177,
        "name": "Portugal",
        "iso2": "PT"
    },
    {
        "_id": 178,
        "name": "Puerto Rico",
        "iso2": "PR"
    },
    {
        "_id": 179,
        "name": "Qatar",
        "iso2": "QA"
    },
    {
        "_id": 180,
        "name": "Reunion",
        "iso2": "RE"
    },
    {
        "_id": 181,
        "name": "Romania",
        "iso2": "RO"
    },
    {
        "_id": 182,
        "name": "Russia",
        "iso2": "RU"
    },
    {
        "_id": 183,
        "name": "Rwanda",
        "iso2": "RW"
    },
    {
        "_id": 184,
        "name": "Saint Helena",
        "iso2": "SH"
    },
    {
        "_id": 185,
        "name": "Saint Kitts And Nevis",
        "iso2": "KN"
    },
    {
        "_id": 186,
        "name": "Saint Lucia",
        "iso2": "LC"
    },
    {
        "_id": 187,
        "name": "Saint Pierre and Miquelon",
        "iso2": "PM"
    },
    {
        "_id": 188,
        "name": "Saint Vincent And The Grenadines",
        "iso2": "VC"
    },
    {
        "_id": 189,
        "name": "Saint-Barthelemy",
        "iso2": "BL"
    },
    {
        "_id": 190,
        "name": "Saint-Martin (French part)",
        "iso2": "MF"
    },
    {
        "_id": 191,
        "name": "Samoa",
        "iso2": "WS"
    },
    {
        "_id": 192,
        "name": "San Marino",
        "iso2": "SM"
    },
    {
        "_id": 193,
        "name": "Sao Tome and Principe",
        "iso2": "ST"
    },
    {
        "_id": 194,
        "name": "Saudi Arabia",
        "iso2": "SA"
    },
    {
        "_id": 195,
        "name": "Senegal",
        "iso2": "SN"
    },
    {
        "_id": 196,
        "name": "Serbia",
        "iso2": "RS"
    },
    {
        "_id": 197,
        "name": "Seychelles",
        "iso2": "SC"
    },
    {
        "_id": 198,
        "name": "Sierra Leone",
        "iso2": "SL"
    },
    {
        "_id": 199,
        "name": "Singapore",
        "iso2": "SG"
    },
    {
        "_id": 200,
        "name": "Slovakia",
        "iso2": "SK"
    },
    {
        "_id": 201,
        "name": "Slovenia",
        "iso2": "SI"
    },
    {
        "_id": 202,
        "name": "Solomon Islands",
        "iso2": "SB"
    },
    {
        "_id": 203,
        "name": "Somalia",
        "iso2": "SO"
    },
    {
        "_id": 204,
        "name": "South Africa",
        "iso2": "ZA"
    },
    {
        "_id": 205,
        "name": "South Georgia",
        "iso2": "GS"
    },
    {
        "_id": 206,
        "name": "South Sudan",
        "iso2": "SS"
    },
    {
        "_id": 207,
        "name": "Spain",
        "iso2": "ES"
    },
    {
        "_id": 208,
        "name": "Sri Lanka",
        "iso2": "LK"
    },
    {
        "_id": 209,
        "name": "Sudan",
        "iso2": "SD"
    },
    {
        "_id": 210,
        "name": "Suriname",
        "iso2": "SR"
    },
    {
        "_id": 211,
        "name": "Svalbard And Jan Mayen Islands",
        "iso2": "SJ"
    },
    {
        "_id": 212,
        "name": "Swaziland",
        "iso2": "SZ"
    },
    {
        "_id": 213,
        "name": "Sweden",
        "iso2": "SE"
    },
    {
        "_id": 214,
        "name": "Switzerland",
        "iso2": "CH"
    },
    {
        "_id": 215,
        "name": "Syria",
        "iso2": "SY"
    },
    {
        "_id": 216,
        "name": "Taiwan",
        "iso2": "TW"
    },
    {
        "_id": 217,
        "name": "Tajikistan",
        "iso2": "TJ"
    },
    {
        "_id": 218,
        "name": "Tanzania",
        "iso2": "TZ"
    },
    {
        "_id": 219,
        "name": "Thailand",
        "iso2": "TH"
    },
    {
        "_id": 220,
        "name": "Togo",
        "iso2": "TG"
    },
    {
        "_id": 221,
        "name": "Tokelau",
        "iso2": "TK"
    },
    {
        "_id": 222,
        "name": "Tonga",
        "iso2": "TO"
    },
    {
        "_id": 223,
        "name": "Trinidad And Tobago",
        "iso2": "TT"
    },
    {
        "_id": 224,
        "name": "Tunisia",
        "iso2": "TN"
    },
    {
        "_id": 225,
        "name": "Turkey",
        "iso2": "TR"
    },
    {
        "_id": 226,
        "name": "Turkmenistan",
        "iso2": "TM"
    },
    {
        "_id": 227,
        "name": "Turks And Caicos Islands",
        "iso2": "TC"
    },
    {
        "_id": 228,
        "name": "Tuvalu",
        "iso2": "TV"
    },
    {
        "_id": 229,
        "name": "Uganda",
        "iso2": "UG"
    },
    {
        "_id": 230,
        "name": "Ukraine",
        "iso2": "UA"
    },
    {
        "_id": 231,
        "name": "United Arab Emirates",
        "iso2": "AE"
    },
    {
        "_id": 232,
        "name": "United Kingdom",
        "iso2": "GB"
    },
    {
        "_id": 233,
        "name": "United States",
        "iso2": "US"
    },
    {
        "_id": 234,
        "name": "United States Minor Outlying Islands",
        "iso2": "UM"
    },
    {
        "_id": 235,
        "name": "Uruguay",
        "iso2": "UY"
    },
    {
        "_id": 236,
        "name": "Uzbekistan",
        "iso2": "UZ"
    },
    {
        "_id": 237,
        "name": "Vanuatu",
        "iso2": "VU"
    },
    {
        "_id": 238,
        "name": "Vatican City State (Holy See)",
        "iso2": "VA"
    },
    {
        "_id": 239,
        "name": "Venezuela",
        "iso2": "VE"
    },
    {
        "_id": 240,
        "name": "Vietnam",
        "iso2": "VN"
    },
    {
        "_id": 241,
        "name": "Virgin Islands (British)",
        "iso2": "VG"
    },
    {
        "_id": 242,
        "name": "Virgin Islands (US)",
        "iso2": "VI"
    },
    {
        "_id": 243,
        "name": "Wallis And Futuna Islands",
        "iso2": "WF"
    },
    {
        "_id": 244,
        "name": "Western Sahara",
        "iso2": "EH"
    },
    {
        "_id": 245,
        "name": "Yemen",
        "iso2": "YE"
    },
    {
        "_id": 246,
        "name": "Zambia",
        "iso2": "ZM"
    },
    {
        "_id": 247,
        "name": "Zimbabwe",
        "iso2": "ZW"
    },
    {
        "_id": 248,
        "name": "Kosovo",
        "iso2": "XK"
    },
    {
        "_id": 249,
        "name": "Curaçao",
        "iso2": "CW"
    },
    {
        "_id": 250,
        "name": "Sint Maarten (Dutch part)",
        "iso2": "SX"
    }
]